﻿Fishing_year,stock_relation_to_performance_measures,number_of_stocks,field_4,field_5,field_6,field_7,field_8,field_9
2009,stocks_above_soft_limit,77,,,,,,
2010,stocks_above_soft_limit,91,,,,,,
2011,stocks_above_soft_limit,108,,,,,,
2012,stocks_above_soft_limit,104,,,,,,
2013,stocks_above_soft_limit,114,,,,,,
2014,stocks_above_soft_limit,122,,,,,,
2009,stocks_below_soft_limit,18,,,,,,
2010,stocks_below_soft_limit,14,,,,,,
2011,stocks_below_soft_limit,19,,,,,,
2012,stocks_below_soft_limit,21,,,,,,
2013,stocks_below_soft_limit,25,,,,,,
2014,stocks_below_soft_limit,24,,,,,,
2009,stocks_above_hard_limit,124,,,,,,
2010,stocks_above_hard_limit,137,,,,,,
2011,stocks_above_hard_limit,154,,,,,,
2012,stocks_above_hard_limit,153,,,,,,
2013,stocks_above_hard_limit,158,,,,,,
2014,stocks_above_hard_limit,165,,,,,,
2009,stocks_below_hard_limit,8,,,,,,
2010,stocks_below_hard_limit,9,,,,,,
2011,stocks_below_hard_limit,10,,,,,,
2012,stocks_below_hard_limit,10,,,,,,
2013,stocks_below_hard_limit,11,,,,,,
2014,stocks_below_hard_limit,10,,,,,,
2009,stock_above_overfishing_threshold,57,,,,,,
2010,stock_above_overfishing_threshold,68,,,,,,
2011,stock_above_overfishing_threshold,81,,,,,,
2012,stock_above_overfishing_threshold,85,,,,,,
2013,stock_above_overfishing_threshold,95,,,,,,
2014,stock_above_overfishing_threshold,98,,,,,,
2009,stock_below_overfishing_threshold,19,,,,,,
2010,stock_below_overfishing_threshold,21,,,,,,
2011,stock_below_overfishing_threshold,22,,,,,,
2012,stock_below_overfishing_threshold,19,,,,,,
2013,stock_below_overfishing_threshold,21,,,,,,
2014,stock_below_overfishing_threshold,16,,,,,,
,,,,,,,,
,,,,,,,,
,,,,,,,,
,,,,,,,,
,,,,,,,,
,,,,,,,,
,,,,,,,,
,,,,,,,,
,,,,,,,,
,,,,,,,,
,,,,,,,,
,,,,,,,,
,,,,,,,,
,,,,,,,,
,,,,,,,,
,,,,,,,,
,,,,,,,,
,,,,,,,,
,,,,,,,,
,,,,,,,,
,,,,,,,,
,,,,,,,,
