<?xml version="1.0" encoding="UTF-8"?>
<execution>
  <sentence>
    <command>java</command>
    <option>-Xmx512000000</option>
    <option />
    <option>-jar</option>
    <option />
    <option />
    <executableFile>../exe/XCS.jar</executableFile>
    <scriptFile>./XCS-C/mushoom/config0s0.txt</scriptFile>
  </sentence>
  <sentence>
    <command>java</command>
    <option>-Xmx512000000</option>
    <option />
    <option>-jar</option>
    <option />
    <option />
    <executableFile>../exe/XCS.jar</executableFile>
    <scriptFile>./XCS-C/mushoom/config1s0.txt</scriptFile>
  </sentence>
  <sentence>
    <command>java</command>
    <option>-Xmx512000000</option>
    <option />
    <option>-jar</option>
    <option />
    <option />
    <executableFile>../exe/XCS.jar</executableFile>
    <scriptFile>./XCS-C/mushoom/config2s0.txt</scriptFile>
  </sentence>
  <sentence>
    <command>java</command>
    <option>-Xmx512000000</option>
    <option />
    <option>-jar</option>
    <option />
    <option />
    <executableFile>../exe/XCS.jar</executableFile>
    <scriptFile>./XCS-C/mushoom/config3s0.txt</scriptFile>
  </sentence>
  <sentence>
    <command>java</command>
    <option>-Xmx512000000</option>
    <option />
    <option>-jar</option>
    <option />
    <option />
    <executableFile>../exe/XCS.jar</executableFile>
    <scriptFile>./XCS-C/mushoom/config4s0.txt</scriptFile>
  </sentence>
  <sentence>
    <command>java</command>
    <option>-Xmx512000000</option>
    <option />
    <option>-jar</option>
    <option />
    <option />
    <executableFile>../exe/XCS.jar</executableFile>
    <scriptFile>./XCS-C/mushoom/config5s0.txt</scriptFile>
  </sentence>
  <sentence>
    <command>java</command>
    <option>-Xmx512000000</option>
    <option />
    <option>-jar</option>
    <option />
    <option />
    <executableFile>../exe/XCS.jar</executableFile>
    <scriptFile>./XCS-C/mushoom/config6s0.txt</scriptFile>
  </sentence>
  <sentence>
    <command>java</command>
    <option>-Xmx512000000</option>
    <option />
    <option>-jar</option>
    <option />
    <option />
    <executableFile>../exe/XCS.jar</executableFile>
    <scriptFile>./XCS-C/mushoom/config7s0.txt</scriptFile>
  </sentence>
  <sentence>
    <command>java</command>
    <option>-Xmx512000000</option>
    <option />
    <option>-jar</option>
    <option />
    <option />
    <executableFile>../exe/XCS.jar</executableFile>
    <scriptFile>./XCS-C/mushoom/config8s0.txt</scriptFile>
  </sentence>
  <sentence>
    <command>java</command>
    <option>-Xmx512000000</option>
    <option />
    <option>-jar</option>
    <option />
    <option />
    <executableFile>../exe/XCS.jar</executableFile>
    <scriptFile>./XCS-C/mushoom/config9s0.txt</scriptFile>
  </sentence>
  <sentence>
    <command>java</command>
    <option>-Xmx512000000</option>
    <option />
    <option>-jar</option>
    <option />
    <option />
    <executableFile>../exe/ClasifTest_Summary.jar</executableFile>
    <scriptFile>./Vis-Clas-Check/TSTXCS-C/config0s0.txt</scriptFile>
  </sentence>
</execution>

